t,y1(t) = t/1000 = y1(t-1)+0.001,y2(t)=y2(t-1)*0.999,y3(t)=y1(t)+y2(t),y4(t) = y4(t-1)-0.001,y5(t)=y1(t)*t%2+y4(t)*(1-t%2)
0,0,1,1,1,1
1,"0,001","0,999",1,"0,999","0,001"
2,"0,002","0,998001","1,000001","0,998","0,998"
3,"0,003","0,997002999","1,000002999","0,997","0,003"
4,"0,004","0,996005996","1,000005996","0,996","0,996"
5,"0,005","0,99500999","1,00000999","0,995","0,005"
6,"0,006","0,99401498","1,00001498","0,994","0,994"
7,"0,007","0,993020965","1,000020965","0,993","0,007"
8,"0,008","0,9920279441","1,000027944","0,992","0,992"
9,"0,009","0,9910359161","1,000035916","0,991","0,009"
10,"0,01","0,9900448802","1,00004488","0,99","0,99"
11,"0,011","0,9890548353","1,000054835","0,989","0,011"
12,"0,012","0,9880657805","1,00006578","0,988","0,988"
13,"0,013","0,9870777147","1,000077715","0,987","0,013"
14,"0,014","0,986090637","1,000090637","0,986","0,986"
15,"0,015","0,9851045464","1,000104546","0,985","0,015"
16,"0,016","0,9841194418","1,000119442","0,984","0,984"
17,"0,017","0,9831353224","1,000135322","0,983","0,017"
18,"0,018","0,9821521871","1,000152187","0,982","0,982"
19,"0,019","0,9811700349","1,000170035","0,981","0,019"
20,"0,02","0,9801888648","1,000188865","0,98","0,98"
21,"0,021","0,979208676","1,000208676","0,979","0,021"
22,"0,022","0,9782294673","1,000229467","0,978","0,978"
23,"0,023","0,9772512378","1,000251238","0,977","0,023"
24,"0,024","0,9762739866","1,000273987","0,976","0,976"
25,"0,025","0,9752977126","1,000297713","0,975","0,025"
26,"0,026","0,9743224149","1,000322415","0,974","0,974"
27,"0,027","0,9733480925","1,000348092","0,973","0,027"
28,"0,028","0,9723747444","1,000374744","0,972","0,972"
29,"0,029","0,9714023696","1,00040237","0,971","0,029"
30,"0,03","0,9704309673","1,000430967","0,97","0,97"
31,"0,031","0,9694605363","1,000460536","0,969","0,031"
32,"0,032","0,9684910758","1,000491076","0,968","0,968"
33,"0,033","0,9675225847","1,000522585","0,967","0,033"
34,"0,034","0,9665550621","1,000555062","0,966","0,966"
35,"0,035","0,965588507","1,000588507","0,965","0,035"
36,"0,036","0,9646229185","1,000622919","0,964","0,964"
37,"0,037","0,9636582956","1,000658296","0,963","0,037"
38,"0,038","0,9626946373","1,000694637","0,962","0,962"
39,"0,039","0,9617319427","1,000731943","0,961","0,039"
40,"0,04","0,9607702107","1,000770211","0,96","0,96"
41,"0,041","0,9598094405","1,000809441","0,959","0,041"
42,"0,042","0,9588496311","1,000849631","0,958","0,958"
43,"0,043","0,9578907815","1,000890781","0,957","0,043"
44,"0,044","0,9569328907","1,000932891","0,956","0,956"
45,"0,045","0,9559759578","1,000975958","0,955","0,045"
46,"0,046","0,9550199818","1,001019982","0,954","0,954"
47,"0,047","0,9540649618","1,001064962","0,953","0,047"
48,"0,048","0,9531108969","1,001110897","0,952","0,952"
49,"0,049","0,952157786","1,001157786","0,951","0,049"
50,"0,05","0,9512056282","1,001205628","0,95","0,95"
51,"0,051","0,9502544226","1,001254423","0,949","0,051"
52,"0,052","0,9493041681","1,001304168","0,948","0,948"
53,"0,053","0,948354864","1,001354864","0,947","0,053"
54,"0,054","0,9474065091","1,001406509","0,946","0,946"
55,"0,055","0,9464591026","1,001459103","0,945","0,055"
56,"0,056","0,9455126435","1,001512644","0,944","0,944"
57,"0,057","0,9445671309","1,001567131","0,943","0,057"
58,"0,058","0,9436225637","1,001622564","0,942","0,942"
59,"0,059","0,9426789412","1,001678941","0,941","0,059"
60,"0,06","0,9417362622","1,001736262","0,94","0,94"
61,"0,061","0,940794526","1,001794526","0,939","0,061"
62,"0,062","0,9398537314","1,001853731","0,938","0,938"
63,"0,063","0,9389138777","1,001913878","0,937","0,063"
64,"0,064","0,9379749638","1,001974964","0,936","0,936"
65,"0,065","0,9370369889","1,002036989","0,935","0,065"
66,"0,066","0,9360999519","1,002099952","0,934","0,934"
67,"0,067","0,9351638519","1,002163852","0,933","0,067"
68,"0,068","0,9342286881","1,002228688","0,932","0,932"
69,"0,069","0,9332944594","1,002294459","0,931","0,069"
70,"0,07","0,9323611649","1,002361165","0,93","0,93"
71,"0,071","0,9314288038","1,002428804","0,929","0,071"
72,"0,072","0,930497375","1,002497375","0,928","0,928"
73,"0,073","0,9295668776","1,002566878","0,927","0,073"
74,"0,074","0,9286373107","1,002637311","0,926","0,926"
75,"0,075","0,9277086734","1,002708673","0,925","0,075"
76,"0,076","0,9267809647","1,002780965","0,924","0,924"
77,"0,077","0,9258541838","1,002854184","0,923","0,077"
78,"0,078","0,9249283296","1,00292833","0,922","0,922"
79,"0,079","0,9240034012","1,003003401","0,921","0,079"
80,"0,08","0,9230793978","1,003079398","0,92","0,92"
81,"0,081","0,9221563184","1,003156318","0,919","0,081"
82,"0,082","0,9212341621","1,003234162","0,918","0,918"
83,"0,083","0,920312928","1,003312928","0,917","0,083"
84,"0,084","0,919392615","1,003392615","0,916","0,916"
85,"0,085","0,9184732224","1,003473222","0,915","0,085"
86,"0,086","0,9175547492","1,003554749","0,914","0,914"
87,"0,087","0,9166371944","1,003637194","0,913","0,087"
88,"0,088","0,9157205572","1,003720557","0,912","0,912"
89,"0,089","0,9148048367","1,003804837","0,911","0,089"
90,"0,09","0,9138900319","1,003890032","0,91","0,91"
91,"0,091","0,9129761418","1,003976142","0,909","0,091"
92,"0,092","0,9120631657","1,004063166","0,908","0,908"
93,"0,093","0,9111511025","1,004151103","0,907","0,093"
94,"0,094","0,9102399514","1,004239951","0,906","0,906"
95,"0,095","0,9093297115","1,004329711","0,905","0,095"
96,"0,096","0,9084203818","1,004420382","0,904","0,904"
97,"0,097","0,9075119614","1,004511961","0,903","0,097"
98,"0,098","0,9066044494","1,004604449","0,902","0,902"
99,"0,099","0,905697845","1,004697845","0,901","0,099"
100,"0,1","0,9047921471","1,004792147","0,9","0,9"
101,"0,101","0,903887355","1,004887355","0,899","0,101"
102,"0,102","0,9029834676","1,004983468","0,898","0,898"
103,"0,103","0,9020804841","1,005080484","0,897","0,103"
104,"0,104","0,9011784037","1,005178404","0,896","0,896"
105,"0,105","0,9002772253","1,005277225","0,895","0,105"
106,"0,106","0,899376948","1,005376948","0,894","0,894"
107,"0,107","0,8984775711","1,005477571","0,893","0,107"
108,"0,108","0,8975790935","1,005579094","0,892","0,892"
109,"0,109","0,8966815144","1,005681514","0,891","0,109"
110,"0,11","0,8957848329","1,005784833","0,89","0,89"
111,"0,111","0,8948890481","1,005889048","0,889","0,111"
112,"0,112","0,893994159","1,005994159","0,888","0,888"
113,"0,113","0,8931001649","1,006100165","0,887","0,113"
114,"0,114","0,8922070647","1,006207065","0,886","0,886"
115,"0,115","0,8913148576","1,006314858","0,885","0,115"
116,"0,116","0,8904235428","1,006423543","0,884","0,884"
117,"0,117","0,8895331192","1,006533119","0,883","0,117"
118,"0,118","0,8886435861","1,006643586","0,882","0,882"
119,"0,119","0,8877549425","1,006754943","0,881","0,119"
120,"0,12","0,8868671876","1,006867188","0,88","0,88"
121,"0,121","0,8859803204","1,00698032","0,879","0,121"
122,"0,122","0,8850943401","1,00709434","0,878","0,878"
123,"0,123","0,8842092457","1,007209246","0,877","0,123"
124,"0,124","0,8833250365","1,007325036","0,876","0,876"
125,"0,125","0,8824417115","1,007441711","0,875","0,125"
126,"0,126","0,8815592697","1,00755927","0,874","0,874"
127,"0,127","0,8806777105","1,00767771","0,873","0,127"
128,"0,128","0,8797970328","1,007797033","0,872","0,872"
129,"0,129","0,8789172357","1,007917236","0,871","0,129"
130,"0,13","0,8780383185","1,008038318","0,87","0,87"
131,"0,131","0,8771602802","1,00816028","0,869","0,131"
132,"0,132","0,8762831199","1,00828312","0,868","0,868"
133,"0,133","0,8754068368","1,008406837","0,867","0,133"
134,"0,134","0,8745314299","1,00853143","0,866","0,866"
135,"0,135","0,8736568985","1,008656899","0,865","0,135"
136,"0,136","0,8727832416","1,008783242","0,864","0,864"
137,"0,137","0,8719104584","1,008910458","0,863","0,137"
138,"0,138","0,8710385479","1,009038548","0,862","0,862"
139,"0,139","0,8701675094","1,009167509","0,861","0,139"
140,"0,14","0,8692973419","1,009297342","0,86","0,86"
141,"0,141","0,8684280445","1,009428045","0,859","0,141"
142,"0,142","0,8675596165","1,009559616","0,858","0,858"
143,"0,143","0,8666920569","1,009692057","0,857","0,143"
144,"0,144","0,8658253648","1,009825365","0,856","0,856"
145,"0,145","0,8649595394","1,009959539","0,855","0,145"
146,"0,146","0,8640945799","1,01009458","0,854","0,854"
147,"0,147","0,8632304853","1,010230485","0,853","0,147"
148,"0,148","0,8623672548","1,010367255","0,852","0,852"
149,"0,149","0,8615048876","1,010504888","0,851","0,149"
150,"0,15","0,8606433827","1,010643383","0,85","0,85"
151,"0,151","0,8597827393","1,010782739","0,849","0,151"
152,"0,152","0,8589229566","1,010922957","0,848","0,848"
153,"0,153","0,8580640336","1,011064034","0,847","0,153"
154,"0,154","0,8572059696","1,01120597","0,846","0,846"
155,"0,155","0,8563487636","1,011348764","0,845","0,155"
156,"0,156","0,8554924148","1,011492415","0,844","0,844"
157,"0,157","0,8546369224","1,011636922","0,843","0,157"
158,"0,158","0,8537822855","1,011782286","0,842","0,842"
159,"0,159","0,8529285032","1,011928503","0,841","0,159"
160,"0,16","0,8520755747","1,012075575","0,84","0,84"
161,"0,161","0,8512234991","1,012223499","0,839","0,161"
162,"0,162","0,8503722756","1,012372276","0,838","0,838"
163,"0,163","0,8495219034","1,012521903","0,837","0,163"
164,"0,164","0,8486723815","1,012672381","0,836","0,836"
165,"0,165","0,8478237091","1,012823709","0,835","0,165"
166,"0,166","0,8469758854","1,012975885","0,834","0,834"
167,"0,167","0,8461289095","1,013128909","0,833","0,167"
168,"0,168","0,8452827806","1,013282781","0,832","0,832"
169,"0,169","0,8444374978","1,013437498","0,831","0,169"
170,"0,17","0,8435930603","1,01359306","0,83","0,83"
171,"0,171","0,8427494672","1,013749467","0,829","0,171"
172,"0,172","0,8419067178","1,013906718","0,828","0,828"
173,"0,173","0,841064811","1,014064811","0,827","0,173"
174,"0,174","0,8402237462","1,014223746","0,826","0,826"
175,"0,175","0,8393835225","1,014383522","0,825","0,175"
176,"0,176","0,838544139","1,014544139","0,824","0,824"
177,"0,177","0,8377055948","1,014705595","0,823","0,177"
178,"0,178","0,8368678892","1,014867889","0,822","0,822"
179,"0,179","0,8360310213","1,015031021","0,821","0,179"
180,"0,18","0,8351949903","1,01519499","0,82","0,82"
181,"0,181","0,8343597953","1,015359795","0,819","0,181"
182,"0,182","0,8335254355","1,015525436","0,818","0,818"
183,"0,183","0,8326919101","1,01569191","0,817","0,183"
184,"0,184","0,8318592182","1,015859218","0,816","0,816"
185,"0,185","0,831027359","1,016027359","0,815","0,185"
186,"0,186","0,8301963316","1,016196332","0,814","0,814"
187,"0,187","0,8293661353","1,016366135","0,813","0,187"
188,"0,188","0,8285367692","1,016536769","0,812","0,812"
189,"0,189","0,8277082324","1,016708232","0,811","0,189"
190,"0,19","0,8268805241","1,016880524","0,81","0,81"
191,"0,191","0,8260536436","1,017053644","0,809","0,191"
192,"0,192","0,82522759","1,01722759","0,808","0,808"
193,"0,193","0,8244023624","1,017402362","0,807","0,193"
194,"0,194","0,82357796","1,01757796","0,806","0,806"
195,"0,195","0,8227543821","1,017754382","0,805","0,195"
196,"0,196","0,8219316277","1,017931628","0,804","0,804"
197,"0,197","0,8211096961","1,018109696","0,803","0,197"
198,"0,198","0,8202885864","1,018288586","0,802","0,802"
199,"0,199","0,8194682978","1,018468298","0,801","0,199"
200,"0,2","0,8186488295","1,018648829","0,8","0,8"
201,"0,201","0,8178301806","1,018830181","0,799","0,201"
202,"0,202","0,8170123505","1,01901235","0,798","0,798"
203,"0,203","0,8161953381","1,019195338","0,797","0,203"
204,"0,204","0,8153791428","1,019379143","0,796","0,796"
205,"0,205","0,8145637636","1,019563764","0,795","0,205"
206,"0,206","0,8137491999","1,0197492","0,794","0,794"
207,"0,207","0,8129354507","1,019935451","0,793","0,207"
208,"0,208","0,8121225152","1,020122515","0,792","0,792"
209,"0,209","0,8113103927","1,020310393","0,791","0,209"
210,"0,21","0,8104990823","1,020499082","0,79","0,79"
211,"0,211","0,8096885832","1,020688583","0,789","0,211"
212,"0,212","0,8088788946","1,020878895","0,788","0,788"
213,"0,213","0,8080700158","1,021070016","0,787","0,213"
214,"0,214","0,8072619457","1,021261946","0,786","0,786"
215,"0,215","0,8064546838","1,021454684","0,785","0,215"
216,"0,216","0,8056482291","1,021648229","0,784","0,784"
217,"0,217","0,8048425809","1,021842581","0,783","0,217"
218,"0,218","0,8040377383","1,022037738","0,782","0,782"
219,"0,219","0,8032337006","1,022233701","0,781","0,219"
220,"0,22","0,8024304669","1,022430467","0,78","0,78"
221,"0,221","0,8016280364","1,022628036","0,779","0,221"
222,"0,222","0,8008264084","1,022826408","0,778","0,778"
223,"0,223","0,8000255819","1,023025582","0,777","0,223"
224,"0,224","0,7992255564","1,023225556","0,776","0,776"
225,"0,225","0,7984263308","1,023426331","0,775","0,225"
226,"0,226","0,7976279045","1,023627904","0,774","0,774"
227,"0,227","0,7968302766","1,023830277","0,773","0,227"
228,"0,228","0,7960334463","1,024033446","0,772","0,772"
229,"0,229","0,7952374129","1,024237413","0,771","0,229"
230,"0,23","0,7944421754","1,024442175","0,77","0,77"
231,"0,231","0,7936477333","1,024647733","0,769","0,231"
232,"0,232","0,7928540855","1,024854086","0,768","0,768"
233,"0,233","0,7920612314","1,025061231","0,767","0,233"
234,"0,234","0,7912691702","1,02526917","0,766","0,766"
235,"0,235","0,790477901","1,025477901","0,765","0,235"
236,"0,236","0,7896874231","1,025687423","0,764","0,764"
237,"0,237","0,7888977357","1,025897736","0,763","0,237"
238,"0,238","0,788108838","1,026108838","0,762","0,762"
239,"0,239","0,7873207291","1,026320729","0,761","0,239"
240,"0,24","0,7865334084","1,026533408","0,76","0,76"
241,"0,241","0,785746875","1,026746875","0,759","0,241"
242,"0,242","0,7849611281","1,026961128","0,758","0,758"
243,"0,243","0,784176167","1,027176167","0,757","0,243"
244,"0,244","0,7833919908","1,027391991","0,756","0,756"
245,"0,245","0,7826085988","1,027608599","0,755","0,245"
246,"0,246","0,7818259902","1,02782599","0,754","0,754"
247,"0,247","0,7810441643","1,028044164","0,753","0,247"
248,"0,248","0,7802631201","1,02826312","0,752","0,752"
249,"0,249","0,779482857","1,028482857","0,751","0,249"
250,"0,25","0,7787033741","1,028703374","0,75","0,75"
251,"0,251","0,7779246707","1,028924671","0,749","0,251"
252,"0,252","0,7771467461","1,029146746","0,748","0,748"
253,"0,253","0,7763695993","1,029369599","0,747","0,253"
254,"0,254","0,7755932297","1,02959323","0,746","0,746"
255,"0,255","0,7748176365","1,029817636","0,745","0,255"
256,"0,256","0,7740428189","1,030042819","0,744","0,744"
257,"0,257","0,773268776","1,030268776","0,743","0,257"
258,"0,258","0,7724955073","1,030495507","0,742","0,742"
259,"0,259","0,7717230118","1,030723012","0,741","0,259"
260,"0,26","0,7709512887","1,030951289","0,74","0,74"
261,"0,261","0,7701803375","1,031180337","0,739","0,261"
262,"0,262","0,7694101571","1,031410157","0,738","0,738"
263,"0,263","0,768640747","1,031640747","0,737","0,263"
264,"0,264","0,7678721062","1,031872106","0,736","0,736"
265,"0,265","0,7671042341","1,032104234","0,735","0,265"
266,"0,266","0,7663371299","1,03233713","0,734","0,734"
267,"0,267","0,7655707927","1,032570793","0,733","0,267"
268,"0,268","0,764805222","1,032805222","0,732","0,732"
269,"0,269","0,7640404167","1,033040417","0,731","0,269"
270,"0,27","0,7632763763","1,033276376","0,73","0,73"
271,"0,271","0,7625130999","1,0335131","0,729","0,271"
272,"0,272","0,7617505868","1,033750587","0,728","0,728"
273,"0,273","0,7609888363","1,033988836","0,727","0,273"
274,"0,274","0,7602278474","1,034227847","0,726","0,726"
275,"0,275","0,7594676196","1,03446762","0,725","0,275"
276,"0,276","0,7587081519","1,034708152","0,724","0,724"
277,"0,277","0,7579494438","1,034949444","0,723","0,277"
278,"0,278","0,7571914944","1,035191494","0,722","0,722"
279,"0,279","0,7564343029","1,035434303","0,721","0,279"
280,"0,28","0,7556778686","1,035677869","0,72","0,72"
281,"0,281","0,7549221907","1,035922191","0,719","0,281"
282,"0,282","0,7541672685","1,036167268","0,718","0,718"
283,"0,283","0,7534131012","1,036413101","0,717","0,283"
284,"0,284","0,7526596881","1,036659688","0,716","0,716"
285,"0,285","0,7519070284","1,036907028","0,715","0,285"
286,"0,286","0,7511551214","1,037155121","0,714","0,714"
287,"0,287","0,7504039663","1,037403966","0,713","0,287"
288,"0,288","0,7496535623","1,037653562","0,712","0,712"
289,"0,289","0,7489039088","1,037903909","0,711","0,289"
290,"0,29","0,7481550049","1,038155005","0,71","0,71"
291,"0,291","0,7474068498","1,03840685","0,709","0,291"
292,"0,292","0,746659443","1,038659443","0,708","0,708"
293,"0,293","0,7459127836","1,038912784","0,707","0,293"
294,"0,294","0,7451668708","1,039166871","0,706","0,706"
295,"0,295","0,7444217039","1,039421704","0,705","0,295"
296,"0,296","0,7436772822","1,039677282","0,704","0,704"
297,"0,297","0,7429336049","1,039933605","0,703","0,297"
298,"0,298","0,7421906713","1,040190671","0,702","0,702"
299,"0,299","0,7414484806","1,040448481","0,701","0,299"
300,"0,3","0,7407070322","1,040707032","0,7","0,7"
301,"0,301","0,7399663251","1,040966325","0,699","0,301"
302,"0,302","0,7392263588","1,041226359","0,698","0,698"
303,"0,303","0,7384871324","1,041487132","0,697","0,303"
304,"0,304","0,7377486453","1,041748645","0,696","0,696"
305,"0,305","0,7370108967","1,042010897","0,695","0,305"
306,"0,306","0,7362738858","1,042273886","0,694","0,694"
307,"0,307","0,7355376119","1,042537612","0,693","0,307"
308,"0,308","0,7348020743","1,042802074","0,692","0,692"
309,"0,309","0,7340672722","1,043067272","0,691","0,309"
310,"0,31","0,7333332049","1,043333205","0,69","0,69"
311,"0,311","0,7325998717","1,043599872","0,689","0,311"
312,"0,312","0,7318672718","1,043867272","0,688","0,688"
313,"0,313","0,7311354046","1,044135405","0,687","0,313"
314,"0,314","0,7304042692","1,044404269","0,686","0,686"
315,"0,315","0,7296738649","1,044673865","0,685","0,315"
316,"0,316","0,728944191","1,044944191","0,684","0,684"
317,"0,317","0,7282152468","1,045215247","0,683","0,317"
318,"0,318","0,7274870316","1,045487032","0,682","0,682"
319,"0,319","0,7267595446","1,045759545","0,681","0,319"
320,"0,32","0,726032785","1,046032785","0,68","0,68"
321,"0,321","0,7253067522","1,046306752","0,679","0,321"
322,"0,322","0,7245814455","1,046581445","0,678","0,678"
323,"0,323","0,723856864","1,046856864","0,677","0,323"
324,"0,324","0,7231330072","1,047133007","0,676","0,676"
325,"0,325","0,7224098742","1,047409874","0,675","0,325"
326,"0,326","0,7216874643","1,047687464","0,674","0,674"
327,"0,327","0,7209657768","1,047965777","0,673","0,327"
328,"0,328","0,7202448111","1,048244811","0,672","0,672"
329,"0,329","0,7195245662","1,048524566","0,671","0,329"
330,"0,33","0,7188050417","1,048805042","0,67","0,67"
331,"0,331","0,7180862366","1,049086237","0,669","0,331"
332,"0,332","0,7173681504","1,04936815","0,668","0,668"
333,"0,333","0,7166507822","1,049650782","0,667","0,333"
334,"0,334","0,7159341315","1,049934131","0,666","0,666"
335,"0,335","0,7152181973","1,050218197","0,665","0,335"
336,"0,336","0,7145029791","1,050502979","0,664","0,664"
337,"0,337","0,7137884762","1,050788476","0,663","0,337"
338,"0,338","0,7130746877","1,051074688","0,662","0,662"
339,"0,339","0,712361613","1,051361613","0,661","0,339"
340,"0,34","0,7116492514","1,051649251","0,66","0,66"
341,"0,341","0,7109376021","1,051937602","0,659","0,341"
342,"0,342","0,7102266645","1,052226665","0,658","0,658"
343,"0,343","0,7095164379","1,052516438","0,657","0,343"
344,"0,344","0,7088069214","1,052806921","0,656","0,656"
345,"0,345","0,7080981145","1,053098115","0,655","0,345"
346,"0,346","0,7073900164","1,053390016","0,654","0,654"
347,"0,347","0,7066826264","1,053682626","0,653","0,347"
348,"0,348","0,7059759437","1,053975944","0,652","0,652"
349,"0,349","0,7052699678","1,054269968","0,651","0,349"
350,"0,35","0,7045646978","1,054564698","0,65","0,65"
351,"0,351","0,7038601331","1,054860133","0,649","0,351"
352,"0,352","0,703156273","1,055156273","0,648","0,648"
353,"0,353","0,7024531167","1,055453117","0,647","0,353"
354,"0,354","0,7017506636","1,055750664","0,646","0,646"
355,"0,355","0,7010489129","1,056048913","0,645","0,355"
356,"0,356","0,700347864","1,056347864","0,644","0,644"
357,"0,357","0,6996475162","1,056647516","0,643","0,357"
358,"0,358","0,6989478687","1,056947869","0,642","0,642"
359,"0,359","0,6982489208","1,057248921","0,641","0,359"
360,"0,36","0,6975506719","1,057550672","0,64","0,64"
361,"0,361","0,6968531212","1,057853121","0,639","0,361"
362,"0,362","0,6961562681","1,058156268","0,638","0,638"
363,"0,363","0,6954601118","1,058460112","0,637","0,363"
364,"0,364","0,6947646517","1,058764652","0,636","0,636"
365,"0,365","0,694069887","1,059069887","0,635","0,365"
366,"0,366","0,6933758172","1,059375817","0,634","0,634"
367,"0,367","0,6926824413","1,059682441","0,633","0,367"
368,"0,368","0,6919897589","1,059989759","0,632","0,632"
369,"0,369","0,6912977691","1,060297769","0,631","0,369"
370,"0,37","0,6906064714","1,060606471","0,63","0,63"
371,"0,371","0,6899158649","1,060915865","0,629","0,371"
372,"0,372","0,689225949","1,061225949","0,628","0,628"
373,"0,373","0,6885367231","1,061536723","0,627","0,373"
374,"0,374","0,6878481864","1,061848186","0,626","0,626"
375,"0,375","0,6871603382","1,062160338","0,625","0,375"
376,"0,376","0,6864731778","1,062473178","0,624","0,624"
377,"0,377","0,6857867047","1,062786705","0,623","0,377"
378,"0,378","0,685100918","1,063100918","0,622","0,622"
379,"0,379","0,684415817","1,063415817","0,621","0,379"
380,"0,38","0,6837314012","1,063731401","0,62","0,62"
381,"0,381","0,6830476698","1,06404767","0,619","0,381"
382,"0,382","0,6823646221","1,064364622","0,618","0,618"
383,"0,383","0,6816822575","1,064682258","0,617","0,383"
384,"0,384","0,6810005753","1,065000575","0,616","0,616"
385,"0,385","0,6803195747","1,065319575","0,615","0,385"
386,"0,386","0,6796392551","1,065639255","0,614","0,614"
387,"0,387","0,6789596159","1,065959616","0,613","0,387"
388,"0,388","0,6782806562","1,066280656","0,612","0,612"
389,"0,389","0,6776023756","1,066602376","0,611","0,389"
390,"0,39","0,6769247732","1,066924773","0,61","0,61"
391,"0,391","0,6762478484","1,067247848","0,609","0,391"
392,"0,392","0,6755716006","1,067571601","0,608","0,608"
393,"0,393","0,674896029","1,067896029","0,607","0,393"
394,"0,394","0,674221133","1,068221133","0,606","0,606"
395,"0,395","0,6735469118","1,068546912","0,605","0,395"
396,"0,396","0,6728733649","1,068873365","0,604","0,604"
397,"0,397","0,6722004916","1,069200492","0,603","0,397"
398,"0,398","0,6715282911","1,069528291","0,602","0,602"
399,"0,399","0,6708567628","1,069856763","0,601","0,399"
400,"0,4","0,670185906","1,070185906","0,6","0,6"
401,"0,401","0,6695157201","1,07051572","0,599","0,401"
402,"0,402","0,6688462044","1,070846204","0,598","0,598"
403,"0,403","0,6681773582","1,071177358","0,597","0,403"
404,"0,404","0,6675091808","1,071509181","0,596","0,596"
405,"0,405","0,6668416716","1,071841672","0,595","0,405"
406,"0,406","0,66617483","1,07217483","0,594","0,594"
407,"0,407","0,6655086551","1,072508655","0,593","0,407"
408,"0,408","0,6648431465","1,072843146","0,592","0,592"
409,"0,409","0,6641783033","1,073178303","0,591","0,409"
410,"0,41","0,663514125","1,073514125","0,59","0,59"
411,"0,411","0,6628506109","1,073850611","0,589","0,411"
412,"0,412","0,6621877603","1,07418776","0,588","0,588"
413,"0,413","0,6615255725","1,074525573","0,587","0,413"
414,"0,414","0,660864047","1,074864047","0,586","0,586"
415,"0,415","0,6602031829","1,075203183","0,585","0,415"
416,"0,416","0,6595429797","1,07554298","0,584","0,584"
417,"0,417","0,6588834368","1,075883437","0,583","0,417"
418,"0,418","0,6582245533","1,076224553","0,582","0,582"
419,"0,419","0,6575663288","1,076566329","0,581","0,419"
420,"0,42","0,6569087624","1,076908762","0,58","0,58"
421,"0,421","0,6562518537","1,077251854","0,579","0,421"
422,"0,422","0,6555956018","1,077595602","0,578","0,578"
423,"0,423","0,6549400062","1,077940006","0,577","0,423"
424,"0,424","0,6542850662","1,078285066","0,576","0,576"
425,"0,425","0,6536307811","1,078630781","0,575","0,425"
426,"0,426","0,6529771504","1,07897715","0,574","0,574"
427,"0,427","0,6523241732","1,079324173","0,573","0,427"
428,"0,428","0,651671849","1,079671849","0,572","0,572"
429,"0,429","0,6510201772","1,080020177","0,571","0,429"
430,"0,43","0,650369157","1,080369157","0,57","0,57"
431,"0,431","0,6497187879","1,080718788","0,569","0,431"
432,"0,432","0,6490690691","1,081069069","0,568","0,568"
433,"0,433","0,64842","1,08142","0,567","0,433"
434,"0,434","0,64777158","1,08177158","0,566","0,566"
435,"0,435","0,6471238084","1,082123808","0,565","0,435"
436,"0,436","0,6464766846","1,082476685","0,564","0,564"
437,"0,437","0,6458302079","1,082830208","0,563","0,437"
438,"0,438","0,6451843777","1,083184378","0,562","0,562"
439,"0,439","0,6445391933","1,083539193","0,561","0,439"
440,"0,44","0,6438946541","1,083894654","0,56","0,56"
441,"0,441","0,6432507595","1,084250759","0,559","0,441"
442,"0,442","0,6426075087","1,084607509","0,558","0,558"
443,"0,443","0,6419649012","1,084964901","0,557","0,443"
444,"0,444","0,6413229363","1,085322936","0,556","0,556"
445,"0,445","0,6406816134","1,085681613","0,555","0,445"
446,"0,446","0,6400409318","1,086040932","0,554","0,554"
447,"0,447","0,6394008908","1,086400891","0,553","0,447"
448,"0,448","0,63876149","1,08676149","0,552","0,552"
449,"0,449","0,6381227285","1,087122728","0,551","0,449"
450,"0,45","0,6374846057","1,087484606","0,55","0,55"
451,"0,451","0,6368471211","1,087847121","0,549","0,451"
452,"0,452","0,636210274","1,088210274","0,548","0,548"
453,"0,453","0,6355740637","1,088574064","0,547","0,453"
454,"0,454","0,6349384897","1,08893849","0,546","0,546"
455,"0,455","0,6343035512","1,089303551","0,545","0,455"
456,"0,456","0,6336692476","1,089669248","0,544","0,544"
457,"0,457","0,6330355784","1,090035578","0,543","0,457"
458,"0,458","0,6324025428","1,090402543","0,542","0,542"
459,"0,459","0,6317701403","1,09077014","0,541","0,459"
460,"0,46","0,6311383701","1,09113837","0,54","0,54"
461,"0,461","0,6305072317","1,091507232","0,539","0,461"
462,"0,462","0,6298767245","1,091876725","0,538","0,538"
463,"0,463","0,6292468478","1,092246848","0,537","0,463"
464,"0,464","0,6286176009","1,092617601","0,536","0,536"
465,"0,465","0,6279889833","1,092988983","0,535","0,465"
466,"0,466","0,6273609944","1,093360994","0,534","0,534"
467,"0,467","0,6267336334","1,093733633","0,533","0,467"
468,"0,468","0,6261068997","1,0941069","0,532","0,532"
469,"0,469","0,6254807928","1,094480793","0,531","0,469"
470,"0,47","0,624855312","1,094855312","0,53","0,53"
471,"0,471","0,6242304567","1,095230457","0,529","0,471"
472,"0,472","0,6236062263","1,095606226","0,528","0,528"
473,"0,473","0,62298262","1,09598262","0,527","0,473"
474,"0,474","0,6223596374","1,096359637","0,526","0,526"
475,"0,475","0,6217372778","1,096737278","0,525","0,475"
476,"0,476","0,6211155405","1,097115541","0,524","0,524"
477,"0,477","0,620494425","1,097494425","0,523","0,477"
478,"0,478","0,6198739305","1,097873931","0,522","0,522"
479,"0,479","0,6192540566","1,098254057","0,521","0,479"
480,"0,48","0,6186348026","1,098634803","0,52","0,52"
481,"0,481","0,6180161678","1,099016168","0,519","0,481"
482,"0,482","0,6173981516","1,099398152","0,518","0,518"
483,"0,483","0,6167807534","1,099780753","0,517","0,483"
484,"0,484","0,6161639727","1,100163973","0,516","0,516"
485,"0,485","0,6155478087","1,100547809","0,515","0,485"
486,"0,486","0,6149322609","1,100932261","0,514","0,514"
487,"0,487","0,6143173286","1,101317329","0,513","0,487"
488,"0,488","0,6137030113","1,101703011","0,512","0,512"
489,"0,489","0,6130893083","1,102089308","0,511","0,489"
490,"0,49","0,612476219","1,102476219","0,51","0,51"
491,"0,491","0,6118637428","1,102863743","0,509","0,491"
492,"0,492","0,611251879","1,103251879","0,508","0,508"
493,"0,493","0,6106406271","1,103640627","0,507","0,493"
494,"0,494","0,6100299865","1,104029987","0,506","0,506"
495,"0,495","0,6094199565","1,104419957","0,505","0,495"
496,"0,496","0,6088105366","1,104810537","0,504","0,504"
497,"0,497","0,608201726","1,105201726","0,503","0,497"
498,"0,498","0,6075935243","1,105593524","0,502","0,502"
499,"0,499","0,6069859308","1,105985931","0,501","0,499"
500,"0,5","0,6063789449","1,106378945","0,5","0,5"
501,"0,501","0,6057725659","1,106772566","0,499","0,501"
502,"0,502","0,6051667934","1,107166793","0,498","0,498"
503,"0,503","0,6045616266","1,107561627","0,497","0,503"
504,"0,504","0,6039570649","1,107957065","0,496","0,496"
505,"0,505","0,6033531079","1,108353108","0,495","0,505"
506,"0,506","0,6027497548","1,108749755","0,494","0,494"
507,"0,507","0,602147005","1,109147005","0,493","0,507"
508,"0,508","0,601544858","1,109544858","0,492","0,492"
509,"0,509","0,6009433131","1,109943313","0,491","0,509"
510,"0,51","0,6003423698","1,11034237","0,49","0,49"
511,"0,511","0,5997420275","1,110742027","0,489","0,511"
512,"0,512","0,5991422854","1,111142285","0,488","0,488"
513,"0,513","0,5985431431","1,111543143","0,487","0,513"
514,"0,514","0,5979446","1,1119446","0,486","0,486"
515,"0,515","0,5973466554","1,112346655","0,485","0,515"
516,"0,516","0,5967493087","1,112749309","0,484","0,484"
517,"0,517","0,5961525594","1,113152559","0,483","0,517"
518,"0,518","0,5955564069","1,113556407","0,482","0,482"
519,"0,519","0,5949608505","1,11396085","0,481","0,519"
520,"0,52","0,5943658896","1,11436589","0,48","0,48"
521,"0,521","0,5937715237","1,114771524","0,479","0,521"
522,"0,522","0,5931777522","1,115177752","0,478","0,478"
523,"0,523","0,5925845745","1,115584574","0,477","0,523"
524,"0,524","0,5919919899","1,11599199","0,476","0,476"
525,"0,525","0,5913999979","1,116399998","0,475","0,525"
526,"0,526","0,5908085979","1,116808598","0,474","0,474"
527,"0,527","0,5902177893","1,117217789","0,473","0,527"
528,"0,528","0,5896275715","1,117627572","0,472","0,472"
529,"0,529","0,5890379439","1,118037944","0,471","0,529"
530,"0,53","0,588448906","1,118448906","0,47","0,47"
531,"0,531","0,5878604571","1,118860457","0,469","0,531"
532,"0,532","0,5872725966","1,119272597","0,468","0,468"
533,"0,533","0,586685324","1,119685324","0,467","0,533"
534,"0,534","0,5860986387","1,120098639","0,466","0,466"
535,"0,535","0,5855125401","1,12051254","0,465","0,535"
536,"0,536","0,5849270275","1,120927028","0,464","0,464"
537,"0,537","0,5843421005","1,1213421","0,463","0,537"
538,"0,538","0,5837577584","1,121757758","0,462","0,462"
539,"0,539","0,5831740006","1,122174001","0,461","0,539"
540,"0,54","0,5825908266","1,122590827","0,46","0,46"
541,"0,541","0,5820082358","1,123008236","0,459","0,541"
542,"0,542","0,5814262276","1,123426228","0,458","0,458"
543,"0,543","0,5808448014","1,123844801","0,457","0,543"
544,"0,544","0,5802639565","1,124263957","0,456","0,456"
545,"0,545","0,5796836926","1,124683693","0,455","0,545"
546,"0,546","0,5791040089","1,125104009","0,454","0,454"
547,"0,547","0,5785249049","1,125524905","0,453","0,547"
548,"0,548","0,57794638","1,12594638","0,452","0,452"
549,"0,549","0,5773684336","1,126368434","0,451","0,549"
550,"0,55","0,5767910652","1,126791065","0,45","0,45"
551,"0,551","0,5762142741","1,127214274","0,449","0,551"
552,"0,552","0,5756380598","1,12763806","0,448","0,448"
553,"0,553","0,5750624218","1,128062422","0,447","0,553"
554,"0,554","0,5744873594","1,128487359","0,446","0,446"
555,"0,555","0,573912872","1,128912872","0,445","0,555"
556,"0,556","0,5733389591","1,129338959","0,444","0,444"
557,"0,557","0,5727656202","1,12976562","0,443","0,557"
558,"0,558","0,5721928545","1,130192855","0,442","0,442"
559,"0,559","0,5716206617","1,130620662","0,441","0,559"
560,"0,56","0,571049041","1,131049041","0,44","0,44"
561,"0,561","0,570477992","1,131477992","0,439","0,561"
562,"0,562","0,569907514","1,131907514","0,438","0,438"
563,"0,563","0,5693376065","1,132337606","0,437","0,563"
564,"0,564","0,5687682689","1,132768269","0,436","0,436"
565,"0,565","0,5681995006","1,133199501","0,435","0,565"
566,"0,566","0,5676313011","1,133631301","0,434","0,434"
567,"0,567","0,5670636698","1,13406367","0,433","0,567"
568,"0,568","0,5664966061","1,134496606","0,432","0,432"
569,"0,569","0,5659301095","1,13493011","0,431","0,569"
570,"0,57","0,5653641794","1,135364179","0,43","0,43"
571,"0,571","0,5647988152","1,135798815","0,429","0,571"
572,"0,572","0,5642340164","1,136234016","0,428","0,428"
573,"0,573","0,5636697824","1,136669782","0,427","0,573"
574,"0,574","0,5631061126","1,137106113","0,426","0,426"
575,"0,575","0,5625430065","1,137543007","0,425","0,575"
576,"0,576","0,5619804635","1,137980464","0,424","0,424"
577,"0,577","0,561418483","1,138418483","0,423","0,577"
578,"0,578","0,5608570646","1,138857065","0,422","0,422"
579,"0,579","0,5602962075","1,139296207","0,421","0,579"
580,"0,58","0,5597359113","1,139735911","0,42","0,42"
581,"0,581","0,5591761754","1,140176175","0,419","0,581"
582,"0,582","0,5586169992","1,140616999","0,418","0,418"
583,"0,583","0,5580583822","1,141058382","0,417","0,583"
584,"0,584","0,5575003238","1,141500324","0,416","0,416"
585,"0,585","0,5569428235","1,141942823","0,415","0,585"
586,"0,586","0,5563858807","1,142385881","0,414","0,414"
587,"0,587","0,5558294948","1,142829495","0,413","0,587"
588,"0,588","0,5552736653","1,143273665","0,412","0,412"
589,"0,589","0,5547183916","1,143718392","0,411","0,589"
590,"0,59","0,5541636732","1,144163673","0,41","0,41"
591,"0,591","0,5536095096","1,14460951","0,409","0,591"
592,"0,592","0,5530559001","1,1450559","0,408","0,408"
593,"0,593","0,5525028442","1,145502844","0,407","0,593"
594,"0,594","0,5519503413","1,145950341","0,406","0,406"
595,"0,595","0,551398391","1,146398391","0,405","0,595"
596,"0,596","0,5508469926","1,146846993","0,404","0,404"
597,"0,597","0,5502961456","1,147296146","0,403","0,597"
598,"0,598","0,5497458494","1,147745849","0,402","0,402"
599,"0,599","0,5491961036","1,148196104","0,401","0,599"
600,"0,6","0,5486469075","1,148646907","0,4","0,4"
601,"0,601","0,5480982606","1,149098261","0,399","0,601"
602,"0,602","0,5475501623","1,149550162","0,398","0,398"
603,"0,603","0,5470026122","1,150002612","0,397","0,603"
604,"0,604","0,5464556095","1,15045561","0,396","0,396"
605,"0,605","0,5459091539","1,150909154","0,395","0,605"
606,"0,606","0,5453632448","1,151363245","0,394","0,394"
607,"0,607","0,5448178815","1,151817882","0,393","0,607"
608,"0,608","0,5442730637","1,152273064","0,392","0,392"
609,"0,609","0,5437287906","1,152728791","0,391","0,609"
610,"0,61","0,5431850618","1,153185062","0,39","0,39"
611,"0,611","0,5426418767","1,153641877","0,389","0,611"
612,"0,612","0,5420992349","1,154099235","0,388","0,388"
613,"0,613","0,5415571356","1,154557136","0,387","0,613"
614,"0,614","0,5410155785","1,155015578","0,386","0,386"
615,"0,615","0,5404745629","1,155474563","0,385","0,615"
616,"0,616","0,5399340883","1,155934088","0,384","0,384"
617,"0,617","0,5393941543","1,156394154","0,383","0,617"
618,"0,618","0,5388547601","1,15685476","0,382","0,382"
619,"0,619","0,5383159053","1,157315905","0,381","0,619"
620,"0,62","0,5377775894","1,157777589","0,38","0,38"
621,"0,621","0,5372398119","1,158239812","0,379","0,621"
622,"0,622","0,536702572","1,158702572","0,378","0,378"
623,"0,623","0,5361658695","1,159165869","0,377","0,623"
624,"0,624","0,5356297036","1,159629704","0,376","0,376"
625,"0,625","0,5350940739","1,160094074","0,375","0,625"
626,"0,626","0,5345589798","1,16055898","0,374","0,374"
627,"0,627","0,5340244208","1,161024421","0,373","0,627"
628,"0,628","0,5334903964","1,161490396","0,372","0,372"
629,"0,629","0,532956906","1,161956906","0,371","0,629"
630,"0,63","0,5324239491","1,162423949","0,37","0,37"
631,"0,631","0,5318915252","1,162891525","0,369","0,631"
632,"0,632","0,5313596336","1,163359634","0,368","0,368"
633,"0,633","0,530828274","1,163828274","0,367","0,633"
634,"0,634","0,5302974457","1,164297446","0,366","0,366"
635,"0,635","0,5297671483","1,164767148","0,365","0,635"
636,"0,636","0,5292373811","1,165237381","0,364","0,364"
637,"0,637","0,5287081438","1,165708144","0,363","0,637"
638,"0,638","0,5281794356","1,166179436","0,362","0,362"
639,"0,639","0,5276512562","1,166651256","0,361","0,639"
640,"0,64","0,5271236049","1,167123605","0,36","0,36"
641,"0,641","0,5265964813","1,167596481","0,359","0,641"
642,"0,642","0,5260698848","1,168069885","0,358","0,358"
643,"0,643","0,525543815","1,168543815","0,357","0,643"
644,"0,644","0,5250182711","1,169018271","0,356","0,356"
645,"0,645","0,5244932529","1,169493253","0,355","0,645"
646,"0,646","0,5239687596","1,16996876","0,354","0,354"
647,"0,647","0,5234447909","1,170444791","0,353","0,647"
648,"0,648","0,5229213461","1,170921346","0,352","0,352"
649,"0,649","0,5223984247","1,171398425","0,351","0,649"
650,"0,65","0,5218760263","1,171876026","0,35","0,35"
651,"0,651","0,5213541503","1,17235415","0,349","0,651"
652,"0,652","0,5208327961","1,172832796","0,348","0,348"
653,"0,653","0,5203119633","1,173311963","0,347","0,653"
654,"0,654","0,5197916514","1,173791651","0,346","0,346"
655,"0,655","0,5192718597","1,17427186","0,345","0,655"
656,"0,656","0,5187525878","1,174752588","0,344","0,344"
657,"0,657","0,5182338353","1,175233835","0,343","0,657"
658,"0,658","0,5177156014","1,175715601","0,342","0,342"
659,"0,659","0,5171978858","1,176197886","0,341","0,659"
660,"0,66","0,5166806879","1,176680688","0,34","0,34"
661,"0,661","0,5161640072","1,177164007","0,339","0,661"
662,"0,662","0,5156478432","1,177647843","0,338","0,338"
663,"0,663","0,5151321954","1,178132195","0,337","0,663"
664,"0,664","0,5146170632","1,178617063","0,336","0,336"
665,"0,665","0,5141024461","1,179102446","0,335","0,665"
666,"0,666","0,5135883437","1,179588344","0,334","0,334"
667,"0,667","0,5130747553","1,180074755","0,333","0,667"
668,"0,668","0,5125616806","1,180561681","0,332","0,332"
669,"0,669","0,5120491189","1,181049119","0,331","0,669"
670,"0,67","0,5115370698","1,18153707","0,33","0,33"
671,"0,671","0,5110255327","1,182025533","0,329","0,671"
672,"0,672","0,5105145072","1,182514507","0,328","0,328"
673,"0,673","0,5100039927","1,183003993","0,327","0,673"
674,"0,674","0,5094939887","1,183493989","0,326","0,326"
675,"0,675","0,5089844947","1,183984495","0,325","0,675"
676,"0,676","0,5084755102","1,18447551","0,324","0,324"
677,"0,677","0,5079670347","1,184967035","0,323","0,677"
678,"0,678","0,5074590677","1,185459068","0,322","0,322"
679,"0,679","0,5069516086","1,185951609","0,321","0,679"
680,"0,68","0,506444657","1,186444657","0,32","0,32"
681,"0,681","0,5059382123","1,186938212","0,319","0,681"
682,"0,682","0,5054322741","1,187432274","0,318","0,318"
683,"0,683","0,5049268418","1,187926842","0,317","0,683"
684,"0,684","0,504421915","1,188421915","0,316","0,316"
685,"0,685","0,5039174931","1,188917493","0,315","0,685"
686,"0,686","0,5034135756","1,189413576","0,314","0,314"
687,"0,687","0,502910162","1,189910162","0,313","0,687"
688,"0,688","0,5024072519","1,190407252","0,312","0,312"
689,"0,689","0,5019048446","1,190904845","0,311","0,689"
690,"0,69","0,5014029398","1,19140294","0,31","0,31"
691,"0,691","0,5009015368","1,191901537","0,309","0,691"
692,"0,692","0,5004006353","1,192400635","0,308","0,308"
693,"0,693","0,4999002346","1,192900235","0,307","0,693"
694,"0,694","0,4994003344","1,193400334","0,306","0,306"
695,"0,695","0,4989009341","1,193900934","0,305","0,695"
696,"0,696","0,4984020331","1,194402033","0,304","0,304"
697,"0,697","0,4979036311","1,194903631","0,303","0,697"
698,"0,698","0,4974057275","1,195405727","0,302","0,302"
699,"0,699","0,4969083218","1,195908322","0,301","0,699"
700,"0,7","0,4964114134","1,196411413","0,3","0,3"
701,"0,701","0,495915002","1,196915002","0,299","0,701"
702,"0,702","0,495419087","1,197419087","0,298","0,298"
703,"0,703","0,4949236679","1,197923668","0,297","0,703"
704,"0,704","0,4944287443","1,198428744","0,296","0,296"
705,"0,705","0,4939343155","1,198934316","0,295","0,705"
706,"0,706","0,4934403812","1,199440381","0,294","0,294"
707,"0,707","0,4929469408","1,199946941","0,293","0,707"
708,"0,708","0,4924539939","1,200453994","0,292","0,292"
709,"0,709","0,4919615399","1,20096154","0,291","0,709"
710,"0,71","0,4914695783","1,201469578","0,29","0,29"
711,"0,711","0,4909781088","1,201978109","0,289","0,711"
712,"0,712","0,4904871307","1,202487131","0,288","0,288"
713,"0,713","0,4899966435","1,202996644","0,287","0,713"
714,"0,714","0,4895066469","1,203506647","0,286","0,286"
715,"0,715","0,4890171402","1,20401714","0,285","0,715"
716,"0,716","0,4885281231","1,204528123","0,284","0,284"
717,"0,717","0,488039595","1,205039595","0,283","0,717"
718,"0,718","0,4875515554","1,205551555","0,282","0,282"
719,"0,719","0,4870640038","1,206064004","0,281","0,719"
720,"0,72","0,4865769398","1,20657694","0,28","0,28"
721,"0,721","0,4860903629","1,207090363","0,279","0,721"
722,"0,722","0,4856042725","1,207604273","0,278","0,278"
723,"0,723","0,4851186682","1,208118668","0,277","0,723"
724,"0,724","0,4846335496","1,20863355","0,276","0,276"
725,"0,725","0,484148916","1,209148916","0,275","0,725"
726,"0,726","0,4836647671","1,209664767","0,274","0,274"
727,"0,727","0,4831811023","1,210181102","0,273","0,727"
728,"0,728","0,4826979212","1,210697921","0,272","0,272"
729,"0,729","0,4822152233","1,211215223","0,271","0,729"
730,"0,73","0,4817330081","1,211733008","0,27","0,27"
731,"0,731","0,4812512751","1,212251275","0,269","0,731"
732,"0,732","0,4807700238","1,212770024","0,268","0,268"
733,"0,733","0,4802892538","1,213289254","0,267","0,733"
734,"0,734","0,4798089645","1,213808965","0,266","0,266"
735,"0,735","0,4793291556","1,214329156","0,265","0,735"
736,"0,736","0,4788498264","1,214849826","0,264","0,264"
737,"0,737","0,4783709766","1,215370977","0,263","0,737"
738,"0,738","0,4778926056","1,215892606","0,262","0,262"
739,"0,739","0,477414713","1,216414713","0,261","0,739"
740,"0,74","0,4769372983","1,216937298","0,26","0,26"
741,"0,741","0,476460361","1,217460361","0,259","0,741"
742,"0,742","0,4759839006","1,217983901","0,258","0,258"
743,"0,743","0,4755079167","1,218507917","0,257","0,743"
744,"0,744","0,4750324088","1,219032409","0,256","0,256"
745,"0,745","0,4745573764","1,219557376","0,255","0,745"
746,"0,746","0,474082819","1,220082819","0,254","0,254"
747,"0,747","0,4736087362","1,220608736","0,253","0,747"
748,"0,748","0,4731351275","1,221135127","0,252","0,252"
749,"0,749","0,4726619923","1,221661992","0,251","0,749"
750,"0,75","0,4721893304","1,22218933","0,25","0,25"
751,"0,751","0,471717141","1,222717141","0,249","0,751"
752,"0,752","0,4712454239","1,223245424","0,248","0,248"
753,"0,753","0,4707741785","1,223774178","0,247","0,753"
754,"0,754","0,4703034043","1,224303404","0,246","0,246"
755,"0,755","0,4698331009","1,224833101","0,245","0,755"
756,"0,756","0,4693632678","1,225363268","0,244","0,244"
757,"0,757","0,4688939045","1,225893905","0,243","0,757"
758,"0,758","0,4684250106","1,226425011","0,242","0,242"
759,"0,759","0,4679565856","1,226956586","0,241","0,759"
760,"0,76","0,467488629","1,227488629","0,24","0,24"
761,"0,761","0,4670211404","1,22802114","0,239","0,761"
762,"0,762","0,4665541192","1,228554119","0,238","0,238"
763,"0,763","0,4660875651","1,229087565","0,237","0,763"
764,"0,764","0,4656214776","1,229621478","0,236","0,236"
765,"0,765","0,4651558561","1,230155856","0,235","0,765"
766,"0,766","0,4646907002","1,2306907","0,234","0,234"
767,"0,767","0,4642260095","1,23122601","0,233","0,767"
768,"0,768","0,4637617835","1,231761784","0,232","0,232"
769,"0,769","0,4632980217","1,232298022","0,231","0,769"
770,"0,77","0,4628347237","1,232834724","0,23","0,23"
771,"0,771","0,462371889","1,233371889","0,229","0,771"
772,"0,772","0,4619095171","1,233909517","0,228","0,228"
773,"0,773","0,4614476076","1,234447608","0,227","0,773"
774,"0,774","0,46098616","1,23498616","0,226","0,226"
775,"0,775","0,4605251738","1,235525174","0,225","0,775"
776,"0,776","0,4600646486","1,236064649","0,224","0,224"
777,"0,777","0,459604584","1,236604584","0,223","0,777"
778,"0,778","0,4591449794","1,237144979","0,222","0,222"
779,"0,779","0,4586858344","1,237685834","0,221","0,779"
780,"0,78","0,4582271486","1,238227149","0,22","0,22"
781,"0,781","0,4577689214","1,238768921","0,219","0,781"
782,"0,782","0,4573111525","1,239311153","0,218","0,218"
783,"0,783","0,4568538414","1,239853841","0,217","0,783"
784,"0,784","0,4563969875","1,240396988","0,216","0,216"
785,"0,785","0,4559405905","1,240940591","0,215","0,785"
786,"0,786","0,4554846499","1,24148465","0,214","0,214"
787,"0,787","0,4550291653","1,242029165","0,213","0,787"
788,"0,788","0,4545741361","1,242574136","0,212","0,212"
789,"0,789","0,454119562","1,243119562","0,211","0,789"
790,"0,79","0,4536654424","1,243665442","0,21","0,21"
791,"0,791","0,453211777","1,244211777","0,209","0,791"
792,"0,792","0,4527585652","1,244758565","0,208","0,208"
793,"0,793","0,4523058066","1,245305807","0,207","0,793"
794,"0,794","0,4518535008","1,245853501","0,206","0,206"
795,"0,795","0,4514016473","1,246401647","0,205","0,795"
796,"0,796","0,4509502457","1,246950246","0,204","0,204"
797,"0,797","0,4504992954","1,247499295","0,203","0,797"
798,"0,798","0,4500487962","1,248048796","0,202","0,202"
799,"0,799","0,4495987474","1,248598747","0,201","0,799"
800,"0,8","0,4491491486","1,249149149","0,2","0,2"
801,"0,801","0,4486999995","1,249699999","0,199","0,801"
802,"0,802","0,4482512995","1,250251299","0,198","0,198"
803,"0,803","0,4478030482","1,250803048","0,197","0,803"
804,"0,804","0,4473552451","1,251355245","0,196","0,196"
805,"0,805","0,4469078899","1,25190789","0,195","0,805"
806,"0,806","0,446460982","1,252460982","0,194","0,194"
807,"0,807","0,446014521","1,253014521","0,193","0,807"
808,"0,808","0,4455685065","1,253568506","0,192","0,192"
809,"0,809","0,445122938","1,254122938","0,191","0,809"
810,"0,81","0,444677815","1,254677815","0,19","0,19"
811,"0,811","0,4442331372","1,255233137","0,189","0,811"
812,"0,812","0,4437889041","1,255788904","0,188","0,188"
813,"0,813","0,4433451152","1,256345115","0,187","0,813"
814,"0,814","0,4429017701","1,25690177","0,186","0,186"
815,"0,815","0,4424588683","1,257458868","0,185","0,815"
816,"0,816","0,4420164094","1,258016409","0,184","0,184"
817,"0,817","0,441574393","1,258574393","0,183","0,817"
818,"0,818","0,4411328186","1,259132819","0,182","0,182"
819,"0,819","0,4406916858","1,259691686","0,181","0,819"
820,"0,82","0,4402509941","1,260250994","0,18","0,18"
821,"0,821","0,4398107431","1,260810743","0,179","0,821"
822,"0,822","0,4393709324","1,261370932","0,178","0,178"
823,"0,823","0,4389315614","1,261931561","0,177","0,823"
824,"0,824","0,4384926299","1,26249263","0,176","0,176"
825,"0,825","0,4380541373","1,263054137","0,175","0,825"
826,"0,826","0,4376160831","1,263616083","0,174","0,174"
827,"0,827","0,437178467","1,264178467","0,173","0,827"
828,"0,828","0,4367412886","1,264741289","0,172","0,172"
829,"0,829","0,4363045473","1,265304547","0,171","0,829"
830,"0,83","0,4358682427","1,265868243","0,17","0,17"
831,"0,831","0,4354323745","1,266432374","0,169","0,831"
832,"0,832","0,4349969421","1,266996942","0,168","0,168"
833,"0,833","0,4345619452","1,267561945","0,167","0,833"
834,"0,834","0,4341273832","1,268127383","0,166","0,166"
835,"0,835","0,4336932558","1,268693256","0,165","0,835"
836,"0,836","0,4332595626","1,269259563","0,164","0,164"
837,"0,837","0,432826303","1,269826303","0,163","0,837"
838,"0,838","0,4323934767","1,270393477","0,162","0,162"
839,"0,839","0,4319610832","1,270961083","0,161","0,839"
840,"0,84","0,4315291222","1,271529122","0,16","0,16"
841,"0,841","0,431097593","1,272097593","0,159","0,841"
842,"0,842","0,4306664954","1,272666495","0,158","0,158"
843,"0,843","0,430235829","1,273235829","0,157","0,843"
844,"0,844","0,4298055931","1,273805593","0,156","0,156"
845,"0,845","0,4293757875","1,274375788","0,155","0,845"
846,"0,846","0,4289464117","1,274946412","0,154","0,154"
847,"0,847","0,4285174653","1,275517465","0,153","0,847"
848,"0,848","0,4280889479","1,276088948","0,152","0,152"
849,"0,849","0,4276608589","1,276660859","0,151","0,849"
850,"0,85","0,4272331981","1,277233198","0,15","0,15"
851,"0,851","0,4268059649","1,277805965","0,149","0,851"
852,"0,852","0,4263791589","1,278379159","0,148","0,148"
853,"0,853","0,4259527797","1,27895278","0,147","0,853"
854,"0,854","0,425526827","1,279526827","0,146","0,146"
855,"0,855","0,4251013001","1,2801013","0,145","0,855"
856,"0,856","0,4246761988","1,280676199","0,144","0,144"
857,"0,857","0,4242515226","1,281251523","0,143","0,857"
858,"0,858","0,4238272711","1,281827271","0,142","0,142"
859,"0,859","0,4234034438","1,282403444","0,141","0,859"
860,"0,86","0,4229800404","1,28298004","0,14","0,14"
861,"0,861","0,4225570604","1,28355706","0,139","0,861"
862,"0,862","0,4221345033","1,284134503","0,138","0,138"
863,"0,863","0,4217123688","1,284712369","0,137","0,863"
864,"0,864","0,4212906564","1,285290656","0,136","0,136"
865,"0,865","0,4208693658","1,285869366","0,135","0,865"
866,"0,866","0,4204484964","1,286448496","0,134","0,134"
867,"0,867","0,4200280479","1,287028048","0,133","0,867"
868,"0,868","0,4196080199","1,28760802","0,132","0,132"
869,"0,869","0,4191884118","1,288188412","0,131","0,869"
870,"0,87","0,4187692234","1,288769223","0,13","0,13"
871,"0,871","0,4183504542","1,289350454","0,129","0,871"
872,"0,872","0,4179321037","1,289932104","0,128","0,128"
873,"0,873","0,4175141716","1,290514172","0,127","0,873"
874,"0,874","0,4170966575","1,291096657","0,126","0,126"
875,"0,875","0,4166795608","1,291679561","0,125","0,875"
876,"0,876","0,4162628813","1,292262881","0,124","0,124"
877,"0,877","0,4158466184","1,292846618","0,123","0,877"
878,"0,878","0,4154307718","1,293430772","0,122","0,122"
879,"0,879","0,415015341","1,294015341","0,121","0,879"
880,"0,88","0,4146003256","1,294600326","0,12","0,12"
881,"0,881","0,4141857253","1,295185725","0,119","0,881"
882,"0,882","0,4137715396","1,29577154","0,118","0,118"
883,"0,883","0,413357768","1,296357768","0,117","0,883"
884,"0,884","0,4129444103","1,29694441","0,116","0,116"
885,"0,885","0,4125314659","1,297531466","0,115","0,885"
886,"0,886","0,4121189344","1,298118934","0,114","0,114"
887,"0,887","0,4117068155","1,298706815","0,113","0,887"
888,"0,888","0,4112951087","1,299295109","0,112","0,112"
889,"0,889","0,4108838135","1,299883814","0,111","0,889"
890,"0,89","0,4104729297","1,30047293","0,11","0,11"
891,"0,891","0,4100624568","1,301062457","0,109","0,891"
892,"0,892","0,4096523943","1,301652394","0,108","0,108"
893,"0,893","0,409242742","1,302242742","0,107","0,893"
894,"0,894","0,4088334992","1,302833499","0,106","0,106"
895,"0,895","0,4084246657","1,303424666","0,105","0,895"
896,"0,896","0,408016241","1,304016241","0,104","0,104"
897,"0,897","0,4076082248","1,304608225","0,103","0,897"
898,"0,898","0,4072006166","1,305200617","0,102","0,102"
899,"0,899","0,406793416","1,305793416","0,101","0,899"
900,"0,9","0,4063866225","1,306386623","0,1","0,1"
901,"0,901","0,4059802359","1,306980236","0,099","0,901"
902,"0,902","0,4055742557","1,307574256","0,098","0,098"
903,"0,903","0,4051686814","1,308168681","0,097","0,903"
904,"0,904","0,4047635127","1,308763513","0,096","0,096"
905,"0,905","0,4043587492","1,309358749","0,095","0,905"
906,"0,906","0,4039543905","1,30995439","0,094","0,094"
907,"0,907","0,4035504361","1,310550436","0,093","0,907"
908,"0,908","0,4031468857","1,311146886","0,092","0,092"
909,"0,909","0,4027437388","1,311743739","0,091","0,909"
910,"0,91","0,402340995","1,312340995","0,09","0,09"
911,"0,911","0,401938654","1,312938654","0,089","0,911"
912,"0,912","0,4015367154","1,313536715","0,088","0,088"
913,"0,913","0,4011351787","1,314135179","0,087","0,913"
914,"0,914","0,4007340435","1,314734043","0,086","0,086"
915,"0,915","0,4003333094","1,315333309","0,085","0,915"
916,"0,916","0,3999329761","1,315932976","0,084","0,084"
917,"0,917","0,3995330432","1,316533043","0,083","0,917"
918,"0,918","0,3991335101","1,31713351","0,082","0,082"
919,"0,919","0,3987343766","1,317734377","0,081","0,919"
920,"0,92","0,3983356422","1,318335642","0,08","0,08"
921,"0,921","0,3979373066","1,318937307","0,079","0,921"
922,"0,922","0,3975393693","1,319539369","0,078","0,078"
923,"0,923","0,3971418299","1,32014183","0,077","0,923"
924,"0,924","0,3967446881","1,320744688","0,076","0,076"
925,"0,925","0,3963479434","1,321347943","0,075","0,925"
926,"0,926","0,3959515955","1,321951595","0,074","0,074"
927,"0,927","0,3955556439","1,322555644","0,073","0,927"
928,"0,928","0,3951600882","1,323160088","0,072","0,072"
929,"0,929","0,3947649281","1,323764928","0,071","0,929"
930,"0,93","0,3943701632","1,324370163","0,07","0,07"
931,"0,931","0,393975793","1,324975793","0,069","0,931"
932,"0,932","0,3935818172","1,325581817","0,068","0,068"
933,"0,933","0,3931882354","1,326188235","0,067","0,933"
934,"0,934","0,3927950472","1,326795047","0,066","0,066"
935,"0,935","0,3924022521","1,327402252","0,065","0,935"
936,"0,936","0,3920098499","1,32800985","0,064","0,064"
937,"0,937","0,39161784","1,32861784","0,063","0,937"
938,"0,938","0,3912262222","1,329226222","0,062","0,062"
939,"0,939","0,390834996","1,329834996","0,061","0,939"
940,"0,94","0,390444161","1,330444161","0,06","0,06"
941,"0,941","0,3900537168","1,331053717","0,059","0,941"
942,"0,942","0,3896636631","1,331663663","0,058","0,058"
943,"0,943","0,3892739994","1,332273999","0,057","0,943"
944,"0,944","0,3888847254","1,332884725","0,056","0,056"
945,"0,945","0,3884958407","1,333495841","0,055","0,945"
946,"0,946","0,3881073449","1,334107345","0,054","0,054"
947,"0,947","0,3877192375","1,334719238","0,053","0,947"
948,"0,948","0,3873315183","1,335331518","0,052","0,052"
949,"0,949","0,3869441868","1,335944187","0,051","0,949"
950,"0,95","0,3865572426","1,336557243","0,05","0,05"
951,"0,951","0,3861706853","1,337170685","0,049","0,951"
952,"0,952","0,3857845147","1,337784515","0,048","0,048"
953,"0,953","0,3853987301","1,33839873","0,047","0,953"
954,"0,954","0,3850133314","1,339013331","0,046","0,046"
955,"0,955","0,3846283181","1,339628318","0,045","0,955"
956,"0,956","0,3842436898","1,34024369","0,044","0,044"
957,"0,957","0,3838594461","1,340859446","0,043","0,957"
958,"0,958","0,3834755866","1,341475587","0,042","0,042"
959,"0,959","0,383092111","1,342092111","0,041","0,959"
960,"0,96","0,3827090189","1,342709019","0,04","0,04"
961,"0,961","0,3823263099","1,34332631","0,039","0,961"
962,"0,962","0,3819439836","1,343943984","0,038","0,038"
963,"0,963","0,3815620396","1,34456204","0,037","0,963"
964,"0,964","0,3811804776","1,345180478","0,036","0,036"
965,"0,965","0,3807992971","1,345799297","0,035","0,965"
966,"0,966","0,3804184978","1,346418498","0,034","0,034"
967,"0,967","0,3800380793","1,347038079","0,033","0,967"
968,"0,968","0,3796580412","1,347658041","0,032","0,032"
969,"0,969","0,3792783832","1,348278383","0,031","0,969"
970,"0,97","0,3788991048","1,348899105","0,03","0,03"
971,"0,971","0,3785202057","1,349520206","0,029","0,971"
972,"0,972","0,3781416855","1,350141685","0,028","0,028"
973,"0,973","0,3777635438","1,350763544","0,027","0,973"
974,"0,974","0,3773857803","1,35138578","0,026","0,026"
975,"0,975","0,3770083945","1,352008394","0,025","0,975"
976,"0,976","0,3766313861","1,352631386","0,024","0,024"
977,"0,977","0,3762547547","1,353254755","0,023","0,977"
978,"0,978","0,3758784999","1,3538785","0,022","0,022"
979,"0,979","0,3755026214","1,354502621","0,021","0,979"
980,"0,98","0,3751271188","1,355127119","0,02","0,02"
981,"0,981","0,3747519917","1,355751992","0,019","0,981"
982,"0,982","0,3743772397","1,35637724","0,018","0,018"
983,"0,983","0,3740028625","1,357002862","0,017","0,983"
984,"0,984","0,3736288596","1,35762886","0,016","0,016"
985,"0,985","0,3732552308","1,358255231","0,015","0,985"
986,"0,986","0,3728819755","1,358881976","0,014","0,014"
987,"0,987","0,3725090935","1,359509094","0,013","0,987"
988,"0,988","0,3721365845","1,360136584","0,012","0,012"
989,"0,989","0,3717644479","1,360764448","0,011","0,989"
990,"0,99","0,3713926834","1,361392683","0,01","0,01"
991,"0,991","0,3710212907","1,362021291","0,009","0,991"
992,"0,992","0,3706502694","1,362650269","0,008","0,008"
993,"0,993","0,3702796192","1,363279619","0,007","0,993"
994,"0,994","0,3699093396","1,36390934","0,006","0,006"
995,"0,995","0,3695394302","1,36453943","0,005","0,995"
996,"0,996","0,3691698908","1,365169891","0,004","0,004"
997,"0,997","0,3688007209","1,365800721","0,003","0,997"
998,"0,998","0,3684319202","1,36643192","0,002","0,002"
999,"0,999","0,3680634883","1,367063488","0,001","0,999"
1000,1,"0,3676954248","1,367695425",0,0